seg_0,R2,MAE,RMSE,n
MARCA A,0.0041384276926598185,13139.248443486038,15041.494128923454,28
MARCA C,-0.0043672417124671625,14774.192510120416,16072.767269172653,20
MARCA B,-0.008477128916597243,14562.23009029464,15217.858644984404,18
MARCA D,-0.038899060353836834,14198.154175862688,15383.426077778435,14
MARCA E,-0.10280422293604041,10601.596712158564,12269.41630204939,10
MARCA F,-0.877379729431562,13588.621028062891,14370.36676349454,10
