seg_0,R2,MAE,RMSE,n
FEMENINO,-0.00046597521326030567,12939.89286531585,14197.27807393585,44
MASCULINO,-0.00606250875355463,14191.6478771024,15608.41037607797,56
