{
  "run_id": "20251016_121936_e5b609",
  "best_params": {
    "depth": 7,
    "learning_rate": 0.16680994077445632,
    "l2_leaf_reg": 1.4535672756798013,
    "bagging_temperature": 0.2883281039302441,
    "random_strength": 0.6824955039749755,
    "border_count": 218,
    "n_estimators": 1037
  },
  "best_cv_row": {
    "trial": 9,
    "R2": -0.02256742294971743,
    "-MAE": -12125.011413298645,
    "-RMSE": -14031.227606229328,
    "-MAPE": -1.275213047199338,
    "time_sec": 8.842210531234741
  },
  "global_metrics": {
    "R2_test": 0.7562132138658678,
    "MAE_test": 5764.477672710683,
    "RMSE_test": 7381.388944493006,
    "MAPE_test": 0.37304615408671005
  },
  "config": {
    "seed": 42,
    "kfolds": 5,
    "early_stop": 100,
    "max_evals": 25,
    "test_size": 0.2,
    "primary_metric": "R2",
    "use_snapshot": false,
    "snapshot_path": "data/train_snapshot.csv"
  },
  "env": {
    "python": "3.13.9",
    "platform": "Windows-11-10.0.26100-SP0",
    "seed": 42,
    "kfolds": 5
  }
}