seg_0,R2,MAE,RMSE,n
MASCULINO,0.7977696878978812,5599.484477788384,6997.925561193184,56
FEMENINO,0.6977608643798074,5956.189647570272,7803.3174734780505,44
